{"cameraMode":{"drawMode":0,"name":"Shaded","section":"Shading Mode"},"sceneLighting":true,"audioPlay":false,"sceneViewState":{"showFog":true,"showMaterialUpdate":false,"showSkybox":true,"showFlares":true,"showImageEffects":true,"showParticleSystems":true},"in2DMode":false,"pivot":{"x":-0.36842942237854006,"y":0.8004183769226074,"z":-0.0711742639541626},"rotation":{"x":-0.059345610439777377,"y":0.848412036895752,"z":-0.097406305372715,"w":-0.5169020295143127},"size":1.2464101314544678,"orthographic":false}